https://www.teladoc.com/health-talk/10-better-for-blood-pressure-crunchy-snacks/,https://www.teladoc.com/health-talk/wp-content/uploads/sites/19/2024/03/crunchy-foods-feature.jpg
https://www.teladoc.com/health-talk/10-common-questions-about-teladoc-answered/,https://www.teladoc.com/health-talk/wp-content/uploads/sites/19/2016/06/questions-featuredimage.jpg
https://www.teladoc.com/health-talk/10-powerful-reasons-why-sleep-is-important/,https://www.teladoc.com/health-talk/wp-content/uploads/sites/19/2022/12/why_sleep_is_important_feature-1.jpg
https://www.teladoc.com/health-talk/3-delicious-high-fiber-snacks-for-a-healthier-heart/,https://www.teladoc.com/health-talk/wp-content/uploads/sites/19/2022/01/3-heart-healthy-snacks-to-up-your-snack-game-with-fiber_blog_800x425-2.jpg
https://www.teladoc.com/health-talk/3-easy-no-recipe-meals-for-new-parents/,https://www.teladoc.com/health-talk/wp-content/uploads/sites/19/2022/05/no-recipe_meals_feature.jpg
https://www.teladoc.com/health-talk/31-days-of-mental-health-mindfulness/,https://www.teladoc.com/health-talk/wp-content/uploads/sites/19/2023/03/31_days_mh_mindfulness.jpg
https://www.teladoc.com/health-talk/31-ways-to-improve-your-mental-health/,https://www.teladoc.com/health-talk/wp-content/uploads/sites/19/2024/05/31-days-mh-feature.jpg
https://www.teladoc.com/health-talk/4-tips-to-help-you-feel-better-on-your-sick-day/,https://www.teladoc.com/health-talk/wp-content/uploads/sites/19/2022/03/TD_Blog_Sickday_Feature.jpg
https://www.teladoc.com/health-talk/4-week-walking-program/,https://www.teladoc.com/health-talk/wp-content/uploads/sites/19/2023/01/Walking-Program-Feature.jpg
https://www.teladoc.com/health-talk/5-no-cook-meals-made-in-30-minutes-or-less/,https://www.teladoc.com/health-talk/wp-content/uploads/sites/19/2023/10/5-no-cook-recipes-feature.jpg
https://www.teladoc.com/health-talk/5-super-foods-to-boost-your-immunity/,https://www.teladoc.com/health-talk/wp-content/uploads/sites/19/2023/08/5-superfoods-to-boost-your-immunity_featured.jpg
https://www.teladoc.com/health-talk/5-uncommon-ways-to-reduce-your-heart-disease-risk/,https://www.teladoc.com/health-talk/wp-content/uploads/sites/19/2021/12/5-uncommon-ways-to-reduce-your-heart-disease-risk_header_800x425.jpg
https://www.teladoc.com/health-talk/5-ways-to-get-the-nutrients-you-need-in-the-third-trimester/,https://www.teladoc.com/health-talk/wp-content/uploads/sites/19/2022/05/Third_trimester_nutrients_feature2.jpg
https://www.teladoc.com/health-talk/5-ways-to-grow-older-with-purpose/,https://www.teladoc.com/health-talk/wp-content/uploads/sites/19/2023/09/Being-comfortable-with-aging-Feature.jpg
https://www.teladoc.com/health-talk/6-outdoor-fall-adventures/,https://www.teladoc.com/health-talk/wp-content/uploads/sites/19/2023/10/6-outdoor-adventures-feature.jpg
https://www.teladoc.com/health-talk/6-ways-people-with-diabetes-can-care-for-common-skin-issues/,https://www.teladoc.com/health-talk/wp-content/uploads/sites/19/2022/03/1704300Diabetes_Derm_Feature.jpg
https://www.teladoc.com/health-talk/8-tips-to-prevent-burnout-and-care-for-your-mental-health/,https://www.teladoc.com/health-talk/wp-content/uploads/sites/19/2022/03/TD_Burnout_Feature.jpg
https://www.teladoc.com/health-talk/a-nurses-journey-toward-healing/,https://www.teladoc.com/health-talk/wp-content/uploads/sites/19/2022/04/Karla_feature.jpg
https://www.teladoc.com/health-talk/a-whole-person-care-approach-to-weight-loss-medications/,https://www.teladoc.com/health-talk/wp-content/uploads/sites/19/2022/09/First_Therapy_Visit_Feature-950x500.jpg
https://www.teladoc.com/health-talk/adding-dependents/,https://www.teladoc.com/health-talk/wp-content/uploads/sites/19/2018/08/Q3_2018-blog-images-adding-dependent.jpg
https://www.teladoc.com/health-talk/advantages-of-a-midyear-reset/,https://www.teladoc.com/health-talk/wp-content/uploads/sites/19/2024/06/Mid-year_mindfulness_feature.jpg
https://www.teladoc.com/health-talk/alicia-meets-her-coach/,https://www.teladoc.com/health-talk/wp-content/uploads/sites/19/2024/02/t-152-stil-life-0043-1200x798-36b7a2e-950x500.jpg
https://www.teladoc.com/health-talk/all-about-gut-health/,https://www.teladoc.com/health-talk/wp-content/uploads/sites/19/2023/01/Gut-Health-Feature.jpg
https://www.teladoc.com/health-talk/all-about-pickleball/,https://www.teladoc.com/health-talk/wp-content/uploads/sites/19/2024/07/all_about_pickleball_feature.jpg
https://www.teladoc.com/health-talk/alone-without-feeling-lonely/,https://www.teladoc.com/health-talk/wp-content/uploads/sites/19/2023/07/alone-without-feeling-lonely.jpg
https://www.teladoc.com/health-talk/antiresolution-and-healthy-habits/,https://www.teladoc.com/health-talk/wp-content/uploads/sites/19/2023/02/Antiresolution_feature.jpg
https://www.teladoc.com/health-talk/are-you-scheduled-annual-checkups/,https://www.teladoc.com/health-talk/wp-content/uploads/sites/19/2024/06/annual-checkups-feature.jpg
https://www.teladoc.com/health-talk/art-of-radical-acceptance/,https://www.teladoc.com/health-talk/wp-content/uploads/sites/19/2024/06/GettyImages-1281438633-950x500.jpeg
https://www.teladoc.com/health-talk/baby-blues-how-to-cope-with-feeling-emotional-after-pregnancy/,https://www.teladoc.com/health-talk/wp-content/uploads/sites/19/2022/05/Baby_blues_Feature.jpg
https://www.teladoc.com/health-talk/back-to-school-success-tips/,https://www.teladoc.com/health-talk/wp-content/uploads/sites/19/2024/07/New_school_year_feature.jpg
https://www.teladoc.com/health-talk/?p=10357,
https://www.teladoc.com/health-talk/barb-takes-control-diabetes/,https://www.teladoc.com/health-talk/wp-content/uploads/sites/19/2024/02/Brand-No-Pavers-15-1200x675-128554e-950x500.jpg
https://www.teladoc.com/health-talk/being-heard-how-to-prepare-for-medical-appointments/,https://www.teladoc.com/health-talk/wp-content/uploads/sites/19/2023/01/Being_Heard_Feature.jpg
https://www.teladoc.com/health-talk/benefits-of-nature/,https://www.teladoc.com/health-talk/wp-content/uploads/sites/19/2024/03/Benefits-of-spending-time-in-nature-feature.jpg
https://www.teladoc.com/health-talk/better-together-how-social-connections-affect-total-wellness/,https://www.teladoc.com/health-talk/wp-content/uploads/sites/19/2023/07/better_together_feature.jpg
https://www.teladoc.com/health-talk/breaking-the-bad-news-habit/,https://www.teladoc.com/health-talk/wp-content/uploads/sites/19/2023/08/breaking-bad-news-habit-feature.jpg
https://www.teladoc.com/health-talk/building-relationships-with-doctors/,https://www.teladoc.com/health-talk/wp-content/uploads/sites/19/2023/02/Building-Relationship-with-Provider-feature.jpg
https://www.teladoc.com/health-talk/can-eating-spicy-food-make-you-go-into-labor/,https://www.teladoc.com/health-talk/wp-content/uploads/sites/19/2022/05/Spicy_food_labor_feature.jpg
https://www.teladoc.com/health-talk/cardio-alternatives/,https://www.teladoc.com/health-talk/wp-content/uploads/sites/19/2024/02/Cardio-alternatives-feature.jpg
https://www.teladoc.com/health-talk/care-for-caregivers-tips-to-provide-help-and-hope/,https://www.teladoc.com/health-talk/wp-content/uploads/sites/19/2023/07/care_for_caregivers.jpg
https://www.teladoc.com/health-talk/celebrate-black-history-month-with-heart-healthy-recipes-influenced-by-african-cuisine/,https://www.teladoc.com/health-talk/wp-content/uploads/sites/19/2023/11/black-history-month-feature.jpg
https://www.teladoc.com/health-talk/changing-your-workouts-as-you-age/,https://www.teladoc.com/health-talk/wp-content/uploads/sites/19/2024/03/workouts-evolve-as-you-age-feature.jpg
https://www.teladoc.com/health-talk/chicken-noodle-soup-recipe/,https://www.teladoc.com/health-talk/wp-content/uploads/sites/19/2022/11/Chicken-noodle-soup-recipe.jpg
https://www.teladoc.com/health-talk/clean-eating-how-to-source-your-fruits-and-vegetables/,https://www.teladoc.com/health-talk/wp-content/uploads/sites/19/2024/04/Eating-clean-feature.jpg
https://www.teladoc.com/health-talk/conquer-stress-to-stay-healthy/,https://www.teladoc.com/health-talk/wp-content/uploads/sites/19/2023/08/conquer-stress-feature.jpg
https://www.teladoc.com/health-talk/couscous-salad-minted-cucumber-tomato-bell-pepper-recipe/,https://www.teladoc.com/health-talk/wp-content/uploads/sites/19/2023/04/couscous_salad_feature.jpg
https://www.teladoc.com/health-talk/create-a-season-of-gratitude/,https://www.teladoc.com/health-talk/wp-content/uploads/sites/19/2023/12/season-of-gratitude-feature.jpg
https://www.teladoc.com/health-talk/cultivating-your-success-through-self-compassion/,https://www.teladoc.com/health-talk/wp-content/uploads/sites/19/2023/06/self_compassion_feature.jpg
https://www.teladoc.com/health-talk/cut-back-on-sugar-for-your-health/,https://www.teladoc.com/health-talk/wp-content/uploads/sites/19/2024/02/cut-back-on-sugar-feature.jpg
https://www.teladoc.com/health-talk/delicious-plant-based-swaps-really/,https://www.teladoc.com/health-talk/wp-content/uploads/sites/19/2023/01/Plant_Based_Swaps_Feature.jpg
https://www.teladoc.com/health-talk/diabetes-and-mental-health-what-you-need-to-know/,https://www.teladoc.com/health-talk/wp-content/uploads/sites/19/2023/11/Diabetes-and-mental-health-feature.jpg
https://www.teladoc.com/health-talk/ditch-the-itch-how-to-avoid-poisonous-plants/,https://www.teladoc.com/health-talk/wp-content/uploads/sites/19/2023/06/4256053-B2C-TDH-Identifying-poisonous-plants_TD_Blog_FeaturedImage_FINAL_800x425.jpg
https://www.teladoc.com/health-talk/diy-treatments-for-acne-breakouts/,https://www.teladoc.com/health-talk/wp-content/uploads/sites/19/2020/03/acne-breakouts-blog-apr2020-v2.jpg
https://www.teladoc.com/health-talk/dont-be-rash-protect-your-skin-from-the-great-outdoors/,https://www.teladoc.com/health-talk/wp-content/uploads/sites/19/2023/01/Rash_Feature.jpg
https://www.teladoc.com/health-talk/dont-talk-to-yourself-that-way-reframe-negative-self-talk/,https://www.teladoc.com/health-talk/wp-content/uploads/sites/19/2024/01/Negative-Sefl-talk.jpg
https://www.teladoc.com/health-talk/draw-on-your-personal-strength-to-meet-your-life-goals/,https://www.teladoc.com/health-talk/wp-content/uploads/sites/19/2022/12/personal_strength_blog_feature-1.jpg
https://www.teladoc.com/health-talk/drink-how-much-hydration-101/,https://www.teladoc.com/health-talk/wp-content/uploads/sites/19/2024/05/hydration-101-feature.jpg
https://www.teladoc.com/health-talk/drink-this-to-feel-better/,https://www.teladoc.com/health-talk/wp-content/uploads/sites/19/2024/07/drink_this_to_feel_better_feature.jpg
https://www.teladoc.com/health-talk/?p=10353,
https://www.teladoc.com/health-talk/?p=7428,
https://www.teladoc.com/health-talk/feel-better-faster-with-active-recovery/,https://www.teladoc.com/health-talk/wp-content/uploads/sites/19/2024/03/active-recovery-feature.jpg
https://www.teladoc.com/health-talk/feel-better-with-healthy-comfort-foods/,https://www.teladoc.com/health-talk/wp-content/uploads/sites/19/2023/08/comfort-foods-feature.jpg
https://www.teladoc.com/health-talk/finding-workouts-in-everyday-activities/,https://www.teladoc.com/health-talk/wp-content/uploads/sites/19/2023/07/TDH_Everyday_Activities_Blog_Image.jpg
https://www.teladoc.com/health-talk/finding-your-why/,https://www.teladoc.com/health-talk/wp-content/uploads/sites/19/2023/10/stick-to-your-health-goals-feature.jpeg
https://www.teladoc.com/health-talk/first-therapy-session/,https://www.teladoc.com/health-talk/wp-content/uploads/sites/19/2022/09/First_Therapy_Visit_Feature-950x500.jpg
https://www.teladoc.com/health-talk/foods-for-brain-and-body-power/,https://www.teladoc.com/health-talk/wp-content/uploads/sites/19/2024/03/Foods-for-mental-focus-energy-inflammation-feature.jpg
https://www.teladoc.com/health-talk/foods-to-fight-inflammation/,https://www.teladoc.com/health-talk/wp-content/uploads/sites/19/2023/05/foods-to-fight-inflammation.jpg
https://www.teladoc.com/health-talk/fourth-trimester/,https://www.teladoc.com/health-talk/wp-content/uploads/sites/19/2024/08/Fourth_trimester_feature.jpg
https://www.teladoc.com/health-talk/friends-for-life/,https://www.teladoc.com/health-talk/wp-content/uploads/sites/19/2023/10/1067009676-950x500.jpg
https://www.teladoc.com/health-talk/friends-for-life-how-friendships-benefit-health/,https://www.teladoc.com/health-talk/wp-content/uploads/sites/19/2023/08/friends_for_life_feature.jpg
https://www.teladoc.com/health-talk/from-abdominal-pain-to-utis-teladoc-treats-50-health-conditions/,https://www.teladoc.com/health-talk/wp-content/uploads/sites/19/2016/09/UM377_blogimage.jpg
https://www.teladoc.com/health-talk/gender-differences-heart-attacks/,https://www.teladoc.com/health-talk/wp-content/uploads/sites/19/2024/01/Gender-differences-in-heart-attack-symptoms-feature.jpg
https://www.teladoc.com/health-talk/get-better-sleep/,https://www.teladoc.com/health-talk/wp-content/uploads/sites/19/2023/01/Better_Sleep_Feature.jpg
https://www.teladoc.com/health-talk/?p=10305,
https://www.teladoc.com/health-talk/gluten-free-vegetarian-vegan-how-to-adapt-your-recipes/,https://www.teladoc.com/health-talk/wp-content/uploads/sites/19/2024/12/Recipes_Adapt_feature.jpg
https://www.teladoc.com/health-talk/ground-yourself-for-better-health/,https://www.teladoc.com/health-talk/wp-content/uploads/sites/19/2023/09/ground_yourself_plant_feature.jpg
https://www.teladoc.com/health-talk/group-fitness-for-workout-success/,https://www.teladoc.com/health-talk/wp-content/uploads/sites/19/2024/09/group_fitness_feature.jpg
https://www.teladoc.com/health-talk/grow-your-own-garden-of-health/,https://www.teladoc.com/health-talk/wp-content/uploads/sites/19/2024/03/Grow-your-own-garden-of-health-feature.jpg
https://www.teladoc.com/health-talk/healthy-air-fryer-recipes-for-the-holidays/,https://www.teladoc.com/health-talk/wp-content/uploads/sites/19/2024/09/air-fryer-recipes-feature.jpg
https://www.teladoc.com/health-talk/healthy-happy-holidays/,https://www.teladoc.com/health-talk/wp-content/uploads/sites/19/2023/10/Staying-healthy-during-holidays.jpg
https://www.teladoc.com/health-talk/healthy-picnic-lets-go/,https://www.teladoc.com/health-talk/wp-content/uploads/sites/19/2024/04/Healthy_picnic_feature.jpg
https://www.teladoc.com/health-talk/healthy-stretching-exercises/,https://www.teladoc.com/health-talk/wp-content/uploads/sites/19/2023/08/stretch-routine-feature.jpg
https://www.teladoc.com/health-talk/heart-health-101/,https://www.teladoc.com/health-talk/wp-content/uploads/sites/19/2024/10/Heart-health-101-feature.jpg
https://www.teladoc.com/health-talk/hearty-soup-stew-chili-recipes/,https://www.teladoc.com/health-talk/wp-content/uploads/sites/19/2022/11/Jan-Blog-Burrito-Stew.jpg
https://www.teladoc.com/health-talk/help-for-sinus-infection-sufferers/,https://www.teladoc.com/health-talk/wp-content/uploads/sites/19/2018/02/help-for-sinus-infection-sufferers.jpg
https://www.teladoc.com/health-talk/holiday-parties-tips-for-eating-healthy/,https://www.teladoc.com/health-talk/wp-content/uploads/sites/19/2023/11/holiday-parties-healthy-eating-feature.jpg
https://www.teladoc.com/health-talk/how-does-teladoc-work-with-my-insurance/,https://www.teladoc.com/health-talk/wp-content/uploads/sites/19/2021/07/insurance.jpg
https://www.teladoc.com/health-talk/how-foods-fuel-your-mind-body-and-soul/,https://www.teladoc.com/health-talk/wp-content/uploads/sites/19/2022/12/How_Foods_Fuel_Feature-1.jpg
https://www.teladoc.com/health-talk/how-friendships-affect-health/,https://www.teladoc.com/health-talk/wp-content/uploads/sites/19/2024/09/Friends-good-for-health-feature.jpg
https://www.teladoc.com/health-talk/how-mannys-health-improved/,https://www.teladoc.com/health-talk/wp-content/uploads/sites/19/2024/02/MANNY_30_FINAL_LIVONGO_CC_01_00_19_16-1200x675-c2b5ff2-950x500.png
https://www.teladoc.com/health-talk/how-social-media-affects-mental-health/,https://www.teladoc.com/health-talk/wp-content/uploads/sites/19/2024/06/social-media-mental-health-feature.jpg
https://www.teladoc.com/health-talk/how-therapy-can-help-keep-relationships-healthy-after-a-new-baby/,https://www.teladoc.com/health-talk/wp-content/uploads/sites/19/2022/05/New_baby_therapy_feature1.jpg
https://www.teladoc.com/health-talk/?p=7846,
https://www.teladoc.com/health-talk/how-to-deal-with-and-prevent-physical-pain/,https://www.teladoc.com/health-talk/wp-content/uploads/sites/19/2024/08/chronic_pain_feature.jpg
https://www.teladoc.com/health-talk/how-to-find-a-therapist/,https://www.teladoc.com/health-talk/wp-content/uploads/sites/19/2022/09/How-to-find-a-Therapist-Feature.jpg
https://www.teladoc.com/health-talk/how-to-get-back-on-track-with-your-health-goals/,https://www.teladoc.com/health-talk/wp-content/uploads/sites/19/2024/06/Mid-year_slump_Feature.jpg
https://www.teladoc.com/health-talk/how-to-leave-a-legacy/,https://www.teladoc.com/health-talk/wp-content/uploads/sites/19/2023/10/TDH_Live-With-Purpose_Blog_Hero_Image.jpg
https://www.teladoc.com/health-talk/how-to-manage-your-mental-load/,https://www.teladoc.com/health-talk/wp-content/uploads/sites/19/2023/08/TDH_Mental_Load_Blog_Image.jpg
https://www.teladoc.com/health-talk/how-to-recognize-and-manage-diabetes/,https://www.teladoc.com/health-talk/wp-content/uploads/sites/19/2023/08/recognize-and-manage-diabetes-feature.jpg
https://www.teladoc.com/health-talk/?p=10355,
https://www.teladoc.com/health-talk/how-to-set-smart-health-goals/,https://www.teladoc.com/health-talk/wp-content/uploads/sites/19/2024/02/SMART-health-goals-feature.jpg
https://www.teladoc.com/health-talk/how-to-take-care-of-your-emotional-health-during-pregnancy/,https://www.teladoc.com/health-talk/wp-content/uploads/sites/19/2022/05/Emotional_health_during_pregnancy_feature.jpg
https://www.teladoc.com/health-talk/how-virtual-therapy-is-helping-kristy-feel-less-anxious/,https://www.teladoc.com/health-talk/wp-content/uploads/sites/19/2022/05/1804151-KristyP_MemberImage.jpg
https://www.teladoc.com/health-talk/howie-turns-table-diabetes/,https://www.teladoc.com/health-talk/wp-content/uploads/sites/19/2024/02/HOWIE_60_FINAL_LIVONGO_CC_01_00_33_03-1200x675-c2b5ff2-950x500.png
https://www.teladoc.com/health-talk/improving-relationships-with-emotional-intelligence/,https://www.teladoc.com/health-talk/wp-content/uploads/sites/19/2023/10/Emotional-intelligence_Feature.jpg
https://www.teladoc.com/health-talk/intergenerational-friendships/,https://www.teladoc.com/health-talk/wp-content/uploads/sites/19/2023/07/power-of-intergenerational-friendships.jpg
https://www.teladoc.com/health-talk/introducing-new-partners/,https://www.teladoc.com/health-talk/wp-content/uploads/sites/19/2023/10/Introducing-a-new-partner.jpg
https://www.teladoc.com/health-talk/is-stress-stressing-you/,https://www.teladoc.com/health-talk/wp-content/uploads/sites/19/2016/05/is_stress_stressing_you.jpg
https://www.teladoc.com/health-talk/joyful-movement-exercise-that-makes-you-happy/,https://www.teladoc.com/health-talk/wp-content/uploads/sites/19/2023/08/TDH_Joyful_Movement_Blog_Image.jpg
https://www.teladoc.com/health-talk/juneteenth-celebrate-with-foods-and-drinks/,https://www.teladoc.com/health-talk/wp-content/uploads/sites/19/2023/04/Juneteenth_feature.jpg
https://www.teladoc.com/health-talk/keeping-the-peace-during-election-season/,https://www.teladoc.com/health-talk/wp-content/uploads/sites/19/2024/09/Keeping-the-peace-with-family-feature.jpg
https://www.teladoc.com/health-talk/learning-to-love-yourself/,https://www.teladoc.com/health-talk/wp-content/uploads/sites/19/2024/04/Learning_to_love_yourself_feature.jpg
https://www.teladoc.com/health-talk/lets-go-on-a-joyride/,https://www.teladoc.com/health-talk/wp-content/uploads/sites/19/2024/05/joy-ride-feature.jpg
https://www.teladoc.com/health-talk/lets-talk-about-prostate-cancer/,https://www.teladoc.com/health-talk/wp-content/uploads/sites/19/2023/09/Prostate-Cancer-101-Feature.jpg
https://www.teladoc.com/health-talk/listening-to-connect-with-teens/,https://www.teladoc.com/health-talk/wp-content/uploads/sites/19/2023/08/connecting-with-teens-feature.jpg
https://www.teladoc.com/health-talk/living-healthily-after-relationship-ends/,https://www.teladoc.com/health-talk/wp-content/uploads/sites/19/2023/10/Finding-yourself-after-a-relationship-feature.jpg
https://www.teladoc.com/health-talk/living-through-loss-and-grief/,https://www.teladoc.com/health-talk/wp-content/uploads/sites/19/2023/07/Coping-through-the-many-forms-of-loss.jpg
https://www.teladoc.com/health-talk/living-with-eczema/,https://www.teladoc.com/health-talk/wp-content/uploads/sites/19/2023/06/GettyImages-1430451464-800x500.jpeg
https://www.teladoc.com/health-talk/living-with-psoriasis/,https://www.teladoc.com/health-talk/wp-content/uploads/sites/19/2023/06/Living-with-psoriasis-feature.jpg
https://www.teladoc.com/health-talk/living-with-rosacea/,https://www.teladoc.com/health-talk/wp-content/uploads/sites/19/2023/06/4252552-B2C-TDH-Living-with-rosacea_TD_Blog_FeaturedImage_FINAL_800x425.jpg
https://www.teladoc.com/health-talk/loneliness/,https://www.teladoc.com/health-talk/wp-content/uploads/sites/19/2023/06/Effects_of_loneliness_Blog_Feature.jpg
https://www.teladoc.com/health-talk/low-impact-activities/,https://www.teladoc.com/health-talk/wp-content/uploads/sites/19/2024/01/Low-impact-activities-feature.jpg
https://www.teladoc.com/health-talk/lowering-chronic-condition-risks/,https://www.teladoc.com/health-talk/wp-content/uploads/sites/19/2023/09/Lowering-chronic-condition-risks-feature.jpg
https://www.teladoc.com/health-talk/make-a-date-with-yourself/,https://www.teladoc.com/health-talk/wp-content/uploads/sites/19/2024/01/Date-with-yourself.jpg
https://www.teladoc.com/health-talk/make-healthy-holiday-desserts/,https://www.teladoc.com/health-talk/wp-content/uploads/sites/19/2023/08/healthy-holiday-desserts-feature.jpg
https://www.teladoc.com/health-talk/make-yourself-a-priority-learn-to-say-no/,https://www.teladoc.com/health-talk/wp-content/uploads/sites/19/2024/03/learn-to-say-no-feature.jpg
https://www.teladoc.com/health-talk/making-peace-with-anger/,https://www.teladoc.com/health-talk/wp-content/uploads/sites/19/2023/01/Anger_Feature.jpg
https://www.teladoc.com/health-talk/meal-prep-101/,https://www.teladoc.com/health-talk/wp-content/uploads/sites/19/2024/02/Meal-prepping-101-feature.jpg
https://www.teladoc.com/health-talk/mental-health-benefits-of-an-organized-home-plus-how-to-get-started/,https://www.teladoc.com/health-talk/wp-content/uploads/sites/19/2022/03/MH_organized_home_feature.jpg
https://www.teladoc.com/health-talk/mindfulness-for-better-overall-health/,https://www.teladoc.com/health-talk/wp-content/uploads/sites/19/2023/01/Mindfullness_feature.jpg
https://www.teladoc.com/health-talk/mouthwatering-fruit-recipes-for-spring/,https://www.teladoc.com/health-talk/wp-content/uploads/sites/19/2023/01/Fruit-Recipes-Feature.jpg
https://www.teladoc.com/health-talk/multigenerational-the-new-mentors/,https://www.teladoc.com/health-talk/wp-content/uploads/sites/19/2024/09/mentors_feature.jpg
https://www.teladoc.com/health-talk/natural-ways-to-help-cope-with-allergies/,https://www.teladoc.com/health-talk/wp-content/uploads/sites/19/2024/04/Allergies-feature.jpg
https://www.teladoc.com/health-talk/navigating-adult-acne/,https://www.teladoc.com/health-talk/wp-content/uploads/sites/19/2023/06/4256150-B2C-TDH-Navigating-adult-acne_TDH_Blog_FeaturedImageTemplate_800x425-800x500.jpg
https://www.teladoc.com/health-talk/online-help-dermatologist-acne-skin-issues/,https://www.teladoc.com/health-talk/wp-content/uploads/sites/19/2023/06/How-to-use-TDH-Derm.jpg
https://www.teladoc.com/health-talk/open-enrollment-q-and-a/,https://www.teladoc.com/health-talk/wp-content/uploads/sites/19/2023/11/Open-enrollment-FAQs-feature.jpg
https://www.teladoc.com/health-talk/our-nonalcoholic-swaps-make-dry-january-easy-and-delicious/,https://www.teladoc.com/health-talk/wp-content/uploads/sites/19/2022/12/Dry-January-Blog-feature.jpg
https://www.teladoc.com/health-talk/overcome-fear-new-things/,https://www.teladoc.com/health-talk/wp-content/uploads/sites/19/2024/02/trying-new-things-feature.jpg
https://www.teladoc.com/health-talk/overcoming-therapy-myths/,https://www.teladoc.com/health-talk/wp-content/uploads/sites/19/2023/10/therapy-for-well-being.jpg
https://www.teladoc.com/health-talk/photos-files-and-emails-how-to-organize-and-declutter-your-digital-world/,https://www.teladoc.com/health-talk/wp-content/uploads/sites/19/2022/06/Digital_Clutter_Feature.jpg
https://www.teladoc.com/health-talk/portion-sizes-tips-and-tools/,https://www.teladoc.com/health-talk/wp-content/uploads/sites/19/2024/01/Portion-Control-feature.jpg
https://www.teladoc.com/health-talk/power-of-positive-affirmations/,https://www.teladoc.com/health-talk/wp-content/uploads/sites/19/2024/03/Positive-affirmations-feature.jpg
https://www.teladoc.com/health-talk/power-of-trying-something-new/,https://www.teladoc.com/health-talk/wp-content/uploads/sites/19/2024/11/New-year-new-you-feature.jpg
https://www.teladoc.com/health-talk/prediabetes-take-steps-to-prevent-diabetes/,https://www.teladoc.com/health-talk/wp-content/uploads/sites/19/2024/09/prediabetes-feature.jpg
https://www.teladoc.com/health-talk/prevent-winter-acne-expert-tips/,https://www.teladoc.com/health-talk/wp-content/uploads/sites/19/2021/12/Prevent-winter-acne-with-these-3-expert-tips_header.jpg
https://www.teladoc.com/health-talk/pride-month-how-to-be-an-ally/,https://www.teladoc.com/health-talk/wp-content/uploads/sites/19/2024/06/Pride-month-how-to-be-an-ally-feature.jpg
https://www.teladoc.com/health-talk/recognizing-heart-attack-and-stroke-symptoms-saves-lives/,https://www.teladoc.com/health-talk/wp-content/uploads/sites/19/2024/02/heart-attack-and-stroke-feature.jpg
https://www.teladoc.com/health-talk/recognizing-mental-health-distress-in-others/,https://www.teladoc.com/health-talk/wp-content/uploads/sites/19/2023/03/recognizing_mental_health_distress.jpg
https://www.teladoc.com/health-talk/recommit-to-your-health/,https://www.teladoc.com/health-talk/wp-content/uploads/sites/19/2024/01/Renew-commitment-to-yourself-feature.jpg
https://www.teladoc.com/health-talk/reflect-reset-intent/,https://www.teladoc.com/health-talk/wp-content/uploads/sites/19/2023/12/Reflecting-and-resetting-with-intent-feature.jpg
https://www.teladoc.com/health-talk/reflecting-on-goals-to-succeed/,https://www.teladoc.com/health-talk/wp-content/uploads/sites/19/2024/06/Reflecting-on-goals-feature.jpg
https://www.teladoc.com/health-talk/reflection-journaling-for-better-health/,https://www.teladoc.com/health-talk/wp-content/uploads/sites/19/2024/10/Reflection-journal-exercise-feature.png
https://www.teladoc.com/health-talk/rest-life-balance/,https://www.teladoc.com/health-talk/wp-content/uploads/sites/19/2023/12/Importance-of-Rest-Feature.jpg
https://www.teladoc.com/health-talk/safe-grilling-tips-plus-special-summer-bonus-recipe/,https://www.teladoc.com/health-talk/wp-content/uploads/sites/19/2023/04/safe_grilling_feature.jpg
https://www.teladoc.com/health-talk/say-my-name-you-are-not-your-condition/,https://www.teladoc.com/health-talk/wp-content/uploads/sites/19/2024/07/you_are_not_your_condition_feature.jpg
https://www.teladoc.com/health-talk/screen-time-limits/,https://www.teladoc.com/health-talk/wp-content/uploads/sites/19/2024/07/Screen_time_boundaries_feature.jpg
https://www.teladoc.com/health-talk/self-care-for-healthy-aging/,https://www.teladoc.com/health-talk/wp-content/uploads/sites/19/2023/08/living-better-through-golden-years-feature.jpg
https://www.teladoc.com/health-talk/self-care-parents/,https://www.teladoc.com/health-talk/wp-content/uploads/sites/19/2024/08/self-care-for-new-moms-feature.png
https://www.teladoc.com/health-talk/setting-boundaries-around-time-energy/,https://www.teladoc.com/health-talk/wp-content/uploads/sites/19/2023/08/setting-boundaries.jpg
https://www.teladoc.com/health-talk/setting-drinking-boundaries/,https://www.teladoc.com/health-talk/wp-content/uploads/sites/19/2024/08/Sober-living-and-beer-pressure-feature.jpg
https://www.teladoc.com/health-talk/seven-ways-to-get-the-best-sleep-of-your-life/,https://www.teladoc.com/health-talk/wp-content/uploads/sites/19/2019/10/best_sleep_header.jpg
https://www.teladoc.com/health-talk/?p=10505,
https://www.teladoc.com/health-talk/should-you-give-in-to-cravings/,https://www.teladoc.com/health-talk/wp-content/uploads/sites/19/2024/08/cravings_feature.jpg
https://www.teladoc.com/health-talk/sinus-pressure-when-you-should-worry/,https://www.teladoc.com/health-talk/wp-content/uploads/sites/19/2019/04/sinus-pressure-blog-apr2019.jpg
https://www.teladoc.com/health-talk/skin-allergies-rashes-101/,https://www.teladoc.com/health-talk/wp-content/uploads/sites/19/2023/06/GettyImages-1342013412.jpg
https://www.teladoc.com/health-talk/skin-care-and-products/,https://www.teladoc.com/health-talk/wp-content/uploads/sites/19/2023/07/GettyImages-1354745045-800x500.jpg
https://www.teladoc.com/health-talk/spring-clean-your-kitchen/,https://www.teladoc.com/health-talk/wp-content/uploads/sites/19/2023/01/Spring-Clean-Your-Kitchen-Feature.jpg
https://www.teladoc.com/health-talk/stay-connected-for-better-health/,https://www.teladoc.com/health-talk/wp-content/uploads/sites/19/2016/08/stay_connected.jpg
https://www.teladoc.com/health-talk/stay-true-to-you-to-avoid-holiday-stress/,https://www.teladoc.com/health-talk/wp-content/uploads/sites/19/2023/11/avoid-holiday-stress.jpg
https://www.teladoc.com/health-talk/staying-active-in-winter/,https://www.teladoc.com/health-talk/wp-content/uploads/sites/19/2023/12/staying-active-in-winter-feature.jpg
https://www.teladoc.com/health-talk/strawberry-cheesecake-recipe/,https://www.teladoc.com/health-talk/wp-content/uploads/sites/19/2023/01/Strawberry-Cheesecake-Recipe-Feature.jpg
https://www.teladoc.com/health-talk/stress/,https://www.teladoc.com/health-talk/wp-content/uploads/sites/19/2023/05/Stress-effects.jpg
https://www.teladoc.com/health-talk/stress-eating-break-free-from-emotional-habits/,https://www.teladoc.com/health-talk/wp-content/uploads/sites/19/2023/01/Stress_eating_feature.jpg
https://www.teladoc.com/health-talk/summer-get-togethers-how-to-have-fun-while-sticking-to-your-health-goals/,https://www.teladoc.com/health-talk/wp-content/uploads/sites/19/2022/05/Summer_Get_Togethers.jpg
https://www.teladoc.com/health-talk/summer-hydration-make-the-most-of-sparkling-water/,https://www.teladoc.com/health-talk/wp-content/uploads/sites/19/2019/05/summer-hydration-blog-may2019.jpg
https://www.teladoc.com/health-talk/sunscreen-101/,https://www.teladoc.com/health-talk/wp-content/uploads/sites/19/2024/04/Sunscreen_101_feature.jpg
https://www.teladoc.com/health-talk/support-adolescent-teen-mental-health-new-school-year/,https://www.teladoc.com/health-talk/wp-content/uploads/sites/19/2022/06/Teen_MH_Feature.jpg
https://www.teladoc.com/health-talk/support-your-teens-mental-health/,https://www.teladoc.com/health-talk/wp-content/uploads/sites/19/2016/08/teen_mh.jpg
https://www.teladoc.com/health-talk/taking-care-during-retirement/,https://www.teladoc.com/health-talk/wp-content/uploads/sites/19/2023/09/navigate-retirement-feature.jpg
https://www.teladoc.com/health-talk/talking-to-children-about-traumatic-events/,https://www.teladoc.com/health-talk/wp-content/uploads/sites/19/2022/09/children-coping-with-traumatic-events.jpg
https://www.teladoc.com/health-talk/teen-self-esteem-101/,https://www.teladoc.com/health-talk/wp-content/uploads/sites/19/2024/07/Teen_self-esteem_feature.jpg
https://www.teladoc.com/health-talk/teladoc-qa-can-teladoc-help-if-i-need-a-prescription/,https://www.teladoc.com/health-talk/wp-content/uploads/sites/19/2019/05/qa-prescription-blog-may2019.jpg
https://www.teladoc.com/health-talk/testosterone/,https://www.teladoc.com/health-talk/wp-content/uploads/sites/19/2023/05/health-effects-of-testosterone.jpg
https://www.teladoc.com/health-talk/the-benefits-of-doing-nothing/,https://www.teladoc.com/health-talk/wp-content/uploads/sites/19/2024/04/Do-nothing-feature.jpg
https://www.teladoc.com/health-talk/the-best-exercises-to-keep-your-heart-healthy/,https://www.teladoc.com/health-talk/wp-content/uploads/sites/19/2024/02/exercises-to-keep-your-heart-healthy-feature.jpg
https://www.teladoc.com/health-talk/the-joy-of-exercising-your-mind-and-body/,https://www.teladoc.com/health-talk/wp-content/uploads/sites/19/2023/06/exercising_body_and_mind_feature.jpg
https://www.teladoc.com/health-talk/the-sandwich-generation-how-not-to-forget-yourself/,https://www.teladoc.com/health-talk/wp-content/uploads/sites/19/2016/08/sandwich_generation.jpg
https://www.teladoc.com/health-talk/thriving-with-self-care/,https://www.teladoc.com/health-talk/wp-content/uploads/sites/19/2019/06/selfcare-for-good-blog-jul2019.jpg
https://www.teladoc.com/health-talk/?p=10302,
https://www.teladoc.com/health-talk/tips-for-being-the-best-you-at-any-age/,https://www.teladoc.com/health-talk/wp-content/uploads/sites/19/2016/07/banner_BestYouAnyAge.jpg
https://www.teladoc.com/health-talk/tips-for-chronic-allergy-sufferers/,https://www.teladoc.com/health-talk/wp-content/uploads/sites/19/2021/03/grasses-hero.jpg
https://www.teladoc.com/health-talk/tips-for-taming-spring-allergies/,https://www.teladoc.com/health-talk/wp-content/uploads/sites/19/2023/01/allergies_feature.jpg
https://www.teladoc.com/health-talk/toast-to-pride-with-rainbow-sangria/,https://www.teladoc.com/health-talk/wp-content/uploads/sites/19/2023/04/pride_feature.jpg
https://www.teladoc.com/health-talk/treating-acne-at-any-age-for-any-season/,https://www.teladoc.com/health-talk/wp-content/uploads/sites/19/2023/01/Spring_Acne.jpg
https://www.teladoc.com/health-talk/understanding-social-behaviors/,https://www.teladoc.com/health-talk/wp-content/uploads/sites/19/2023/07/Extroverts-introverts-and-social-anxiety.jpg
https://www.teladoc.com/health-talk/untethered-coping-with-the-loss-of-a-relationship/,https://www.teladoc.com/health-talk/wp-content/uploads/sites/19/2024/08/coping_with_relationship_loss.jpg
https://www.teladoc.com/health-talk/upside-of-failure/,https://www.teladoc.com/health-talk/wp-content/uploads/sites/19/2024/04/Its-OK-to-fail-feature.jpg
https://www.teladoc.com/health-talk/vomit-prone-kids-whats-up-with-upchuck/,https://www.teladoc.com/health-talk/wp-content/uploads/sites/19/2019/02/childrens-health-throwing-up-blog-feb2019.jpg
https://www.teladoc.com/health-talk/ways-to-self-care/,https://www.teladoc.com/health-talk/wp-content/uploads/sites/19/2024/02/7-ways-to-self-care-feature.jpg
https://www.teladoc.com/health-talk/we-got-the-beat-understanding-your-heart-rate/,https://www.teladoc.com/health-talk/wp-content/uploads/sites/19/2023/01/Heart_Rate_Feature.jpg
https://www.teladoc.com/health-talk/we-heart-dark-chocolate/,https://www.teladoc.com/health-talk/wp-content/uploads/sites/19/2023/01/Dark_Chocolate_Feature.jpg
https://www.teladoc.com/health-talk/weight-loss-and-your-mental-health/,https://www.teladoc.com/health-talk/wp-content/uploads/sites/19/2024/06/MH-and-weight-loss-feature.jpg
https://www.teladoc.com/health-talk/weight-loss-medication-and-nutrition/,https://www.teladoc.com/health-talk/wp-content/uploads/sites/19/2024/11/weight-loss-meds-and-nutrition-feature.jpg
https://www.teladoc.com/health-talk/weight-loss-medication-questions/,https://www.teladoc.com/health-talk/wp-content/uploads/sites/19/2024/10/Weight-loss-med-questions-feature.jpg
https://www.teladoc.com/health-talk/what-you-need-to-know-about-mold-and-mold-allergies/,https://www.teladoc.com/health-talk/wp-content/uploads/sites/19/2021/03/furnace-filter.jpg
https://www.teladoc.com/health-talk/who-can-you-count-on-friends/,https://www.teladoc.com/health-talk/wp-content/uploads/sites/19/2024/09/friendships_feature.jpg
https://www.teladoc.com/health-talk/why-move-more/,https://www.teladoc.com/health-talk/wp-content/uploads/sites/19/2023/01/Why-Move-More-Feature.jpg
https://www.teladoc.com/health-talk/yeast-infections-what-you-need-to-know/,https://www.teladoc.com/health-talk/wp-content/uploads/sites/19/2018/04/Q2_2018-blog-images-aprilreg2-yeastinfections.jpg
https://www.teladoc.com/health-talk/your-gut-and-its-microbiome-what-to-eat-for-healthy-aging/,https://www.teladoc.com/health-talk/wp-content/uploads/sites/19/2023/07/gut_health_feature.jpg
https://www.teladoc.com/health-talk/youre-winning-healthy-competition-is-good-for-you/,https://www.teladoc.com/health-talk/wp-content/uploads/sites/19/2024/09/healthy-competition-feature.jpg